"ประเภทข้อมูล","ปีการศึกษา_พศ","ระดับการศึกษา","คณะ","รหัสหลักสูตรตามเว็บ","หลักสูตร_ขอบเขต","ภาคการศึกษา","รูปแบบการเรียน","รายการ","จำนวนเงิน_บาท","จำนวนเงินตามต้นฉบับ","หน่วยเงินตามเว็บ","วันที่เริ่ม_คศ","วันที่สิ้นสุด_คศ","สถานะข้อมูล","หมายเหตุ","แหล่งอ้างอิง","วันที่ตรวจสอบ_คศ"
"ค่าธรรมเนียมจากหน้าเว็บหลักสูตร","2568","ปริญญาตรี","คณะวิศวกรรมศาสตร์และเทคโนโลยีอุตสาหกรรม","15405","วศ.บ.วิศวกรรมคอมพิวเตอร์","1","ภาคปกติ","ค่าเทอมตามหน้าเว็บ","10200","10,200.-","บาท/ภาคเรียน","","","ยืนยันค่าบนเว็บและบัญชีหลักสูตร 2568","อัตรา 10,200 บาท/ภาคการศึกษา ใช้อ้างอิงการวางแผนค่าใช้จ่าย","https://student-admis.ksu.ac.th/portal/programs/branches/65","2026-10-03"
"ค่าธรรมเนียมจากหน้าเว็บหลักสูตร","2568","ปริญญาตรี","คณะวิศวกรรมศาสตร์และเทคโนโลยีอุตสาหกรรม","15401","วศ.บ.วิศวกรรมเครื่องกล","1","ภาคปกติ","ค่าเทอมตามหน้าเว็บ","10200","10,200.-","บาท/ภาคเรียน","","","ยืนยันค่าบนเว็บและบัญชีหลักสูตร 2568","อัตรา 10,200 บาท/ภาคการศึกษา","https://student-admis.ksu.ac.th/portal/programs","2026-10-03"
"ค่าธรรมเนียมจากหน้าเว็บหลักสูตร","2568","ปริญญาตรี","คณะวิศวกรรมศาสตร์และเทคโนโลยีอุตสาหกรรม","15402","วศ.บ.วิศวกรรมโลจิสติกส์","1","ภาคปกติ","ค่าเทอมตามหน้าเว็บ","10200","10,200.-","บาท/ภาคเรียน","","","ยืนยันค่าบนเว็บและบัญชีหลักสูตร 2568","อัตรา 10,200 บาท/ภาคการศึกษา","https://student-admis.ksu.ac.th/portal/programs","2026-10-03"
"ค่าธรรมเนียมจากหน้าเว็บหลักสูตร","2568","ปริญญาตรี","คณะวิศวกรรมศาสตร์และเทคโนโลยีอุตสาหกรรม","15403","วศ.บ.วิศวกรรมอุตสาหการ","1","ภาคปกติ","ค่าเทอมตามหน้าเว็บ","10200","10,200.-","บาท/ภาคเรียน","","","ยืนยันค่าบนเว็บและบัญชีหลักสูตร 2568","อัตรา 10,200 บาท/ภาคการศึกษา","https://student-admis.ksu.ac.th/portal/programs","2026-10-03"
"ค่าธรรมเนียมจากหน้าเว็บหลักสูตร","2568","ปริญญาตรี","คณะวิศวกรรมศาสตร์และเทคโนโลยีอุตสาหกรรม","15404","วศ.บ.วิศวกรรมเมคคาทรอนิกส์","1","ภาคปกติ","ค่าเทอมตามหน้าเว็บ","10200","10,200.-","บาท/ภาคเรียน","","","ยืนยันค่าบนเว็บและบัญชีหลักสูตร 2568","อัตรา 10,200 บาท/ภาคการศึกษา","https://student-admis.ksu.ac.th/portal/programs","2026-10-03"
"ค่าธรรมเนียมจากหน้าเว็บหลักสูตร","2568","ปริญญาตรี (เทียบโอน)","คณะวิศวกรรมศาสตร์และเทคโนโลยีอุตสาหกรรม","15406","วศ.บ.วิศวกรรมไฟฟ้า (ต่อเนื่อง)","1","เทียบโอน","ค่าเทอมตามหน้าเว็บ","10200","10,200.-","บาท/ภาคเรียน","","","ยืนยันค่าบนเว็บและบัญชีหลักสูตร 2568","อัตรา 10,200 บาท/ภาคการศึกษา","https://student-admis.ksu.ac.th/portal/programs","2026-10-03"
"ค่าธรรมเนียมจากหน้าเว็บหลักสูตร","2568","ปริญญาตรี","คณะวิศวกรรมศาสตร์และเทคโนโลยีอุตสาหกรรม","15301","อส.บ.วิศวกรรมเครื่องจักรกลเกษตร","1","ภาคปกติ","ค่าเทอมตามหน้าเว็บ","8700","8,700.-","บาท/ภาคเรียน","","","ยืนยันค่าบนเว็บและบัญชีหลักสูตร 2568","อัตรา 8,700 บาท/ภาคการศึกษา","https://student-admis.ksu.ac.th/portal/programs","2026-10-03"
"ค่าธรรมเนียมจากหน้าเว็บหลักสูตร","2568","ปริญญาตรี","คณะวิศวกรรมศาสตร์และเทคโนโลยีอุตสาหกรรม","15201","สถ.บ.นวัตกรรมการออกแบบ","1","ภาคปกติ","ค่าเทอมตามหน้าเว็บ","10800","10,800.-","บาท/ภาคเรียน","","","ยืนยันค่าบนเว็บและบัญชีหลักสูตร 2568","อัตรา 10,800 บาท/ภาคการศึกษา","https://student-admis.ksu.ac.th/portal/programs","2026-10-03"
"ค่าธรรมเนียมจากหน้าเว็บหลักสูตร","2568","ประกาศนียบัตรวิชาชีพชั้นสูง (ปวส.)","คณะวิศวกรรมศาสตร์และเทคโนโลยีอุตสาหกรรม","15101","ปวส. ช่างกลโรงงาน / ยานยนต์ / คอมพิวเตอร์ / โลจิสติกส์ / ไฟฟ้ากำลัง","1","ภาคปกติ","ค่าเทอมตามหน้าเว็บ","5700","5,700.-","บาท/ภาคเรียน","","","ยืนยันค่าบนเว็บและบัญชีหลักสูตร 2568","อัตรา 5,700 บาท/ภาคการศึกษา","https://student-admis.ksu.ac.th/portal/programs","2026-10-03"
"ค่าธรรมเนียมจากหน้าเว็บหลักสูตร","2568","ประกาศนียบัตรวิชาชีพชั้นสูง (ปวส.)","คณะวิศวกรรมศาสตร์และเทคโนโลยีอุตสาหกรรม","15102","ปวส. ดิจิทัลกราฟิก","1","ภาคปกติ","ค่าเทอมตามหน้าเว็บ","4700","4,700.-","บาท/ภาคเรียน","","","ยืนยันค่าบนเว็บและบัญชีหลักสูตร 2568","อัตรา 4,700 บาท/ภาคการศึกษา","https://student-admis.ksu.ac.th/portal/programs","2026-10-03"
"ค่าธรรมเนียมตามประกาศทางการ","2568","ทุกระดับการศึกษา","มหาวิทยาลัยกาฬสินธุ์","","บัญชีหลักสูตรและอัตราค่าเล่าเรียน 2568","ทั้งปี","ภาคปกติ","ประกาศอัตราค่าเล่าเรียนปีการศึกษา 2568","","","บาท/ภาคเรียน","","","ยืนยันตามประกาศทางการ พ.ศ. 2568","ประกาศมหาวิทยาลัยกาฬสินธุ์ เรื่อง อัตราค่าเล่าเรียนและค่าธรรมเนียมการศึกษา","https://websiteadmin.ksu.ac.th/FILES_UPLOADS/infoksuacth/website_20260115103310_687092558.pdf","2026-10-03"
"ปฏิทินการศึกษา","2568","ทุกระดับการศึกษา","สำนักส่งเสริมวิชาการและงานทะเบียน","","ปฏิทินการศึกษา 2568 ฉบับปรับปรุงรองรับการเกณฑ์ทหาร","1-2","ภาคปกติ","วันเปิดภาคการศึกษาและกำหนดการทางวิชาการ 2568","","","","2025-06-09","2026-03-29","ยืนยันตามปฏิทินการศึกษาทางการ 2568","ฉบับปรับปรุงรองรับการเกณฑ์ทหาร 2 มี.ค. 2569 ลงนามแล้ว","https://websiteadmin.ksu.ac.th/FILES_UPLOADS/reksuacth/1.%E0%B8%9B%E0%B8%8F%E0%B8%B4%E0%B8%97%E0%B8%B4%E0%B8%99%202-68%20%E0%B8%9B%E0%B8%A3%E0%B8%B1%E0%B8%9A%20%E0%B8%A3%E0%B8%AD%E0%B8%87%E0%B8%A3%E0%B8%B1%E0%B8%9A%E0%B8%97%E0%B8%AB%E0%B8%B2%E0%B8%A32%E0%B8%A1%E0%B8%B5%E0%B8%8469%20%E0%B8%A5%E0%B8%87%E0%B8%99%E0%B8%B2%E0%B8%A1%E0%B9%81%E0%B8%A5%E0%B9%89%E0%B8%A7.pdf","2026-10-03"
"ปฏิทินการศึกษา","2569","ทุกระดับการศึกษา","สำนักส่งเสริมวิชาการและงานทะเบียน","","ปฏิทินการศึกษา 2569 ปวส. / ปริญญาตรี / บัณฑิตศึกษา","1-2","ภาคปกติ","วันเปิดภาคการศึกษาและกำหนดการทางวิชาการ 2569","","","","2026-06-08","2027-03-28","ยืนยันตามปฏิทินการศึกษาทางการ 2569","ฉบับรวม ปวส. ปริญญาตรี บัณฑิตศึกษา","https://websiteadmin.ksu.ac.th/FILES_UPLOADS/reksuacth/%E0%B8%A3%E0%B8%A7%E0%B8%A1%20%E0%B8%9B%E0%B8%A7%E0%B8%AA%20%E0%B8%9B%E0%B8%95%E0%B8%A3%E0%B8%B5%20%E0%B8%9A%E0%B8%B1%E0%B8%93%E0%B8%91%E0%B8%B4%E0%B8%95.pdf","2026-10-03"
